{
	"molName": "RG",
	"molCode": "RG",
	"molParams": [{
			"dataType": "hydrogenBond",
			"hydrogenBond": [{
					"hybridization": 6,
					"isDipoled": 0,
					"hydrogensMovility": 0,
					"explicitSolvation": -0.2,
					"partialCovalentContribution": 0,
					"dummyHydrogens": 0,
					"doubleBond": 0,
					"planeDistance": 0.75,
					"hydrogenName": "_",
					"acceptor": 0,
					"charge": -0.2,
					"pKa": 0,
					"atom": "O4'",
					"donor": 0,
					"bondTolerance": 0.5,
					"minBondDistance": 3.5,
					"isCharged": 0,
					"hydrogens": 0
				},
				{
					"hybridization": 6,
					"isDipoled": 0,
					"hydrogensMovility": 0,
					"explicitSolvation": -0.2,
					"partialCovalentContribution": 0,
					"dummyHydrogens": 0,
					"doubleBond": 0,
					"planeDistance": 0.75,
					"hydrogenName": "_",
					"acceptor": 0,
					"charge": -0.2,
					"pKa": 0,
					"atom": "O4'",
					"donor": 0,
					"bondTolerance": 0.5,
					"minBondDistance": 3.5,
					"isCharged": 0,
					"hydrogens": 0
				},
				{
					"hybridization": 0,
					"isDipoled": 1,
					"hydrogensMovility": 0,
					"explicitSolvation": -0.2,
					"partialCovalentContribution": 0,
					"dummyHydrogens": 0,
					"doubleBond": 1,
					"planeDistance": 0.75,
					"hydrogenName": "X",
					"acceptor": 1,
					"charge": -0.2,
					"pKa": 0,
					"atom": "N3",
					"donor": 0,
					"bondTolerance": 0.5,
					"minBondDistance": 3.5,
					"isCharged": 1,
					"hydrogens": 1
				},
				{
					"hybridization": 0,
					"isDipoled": 1,
					"hydrogensMovility": 0,
					"explicitSolvation": -0.2,
					"partialCovalentContribution": 0,
					"dummyHydrogens": 0,
					"doubleBond": 1,
					"planeDistance": 0.75,
					"hydrogenName": "X",
					"acceptor": 1,
					"charge": -0.2,
					"pKa": 0,
					"atom": "N3",
					"donor": 0,
					"bondTolerance": 0.5,
					"minBondDistance": 3.5,
					"isCharged": 1,
					"hydrogens": 1
				},
				{
					"hybridization": 2,
					"isDipoled": 1,
					"hydrogensMovility": 2,
					"explicitSolvation": -0.2,
					"partialCovalentContribution": 0,
					"dummyHydrogens": 2,
					"doubleBond": 1,
					"planeDistance": 0.75,
					"hydrogenName": "HN6",
					"acceptor": 0,
					"charge": 0.3,
					"pKa": 0,
					"atom": "N2",
					"donor": 2,
					"bondTolerance": 0.22,
					"minBondDistance": 3.5,
					"isCharged": 1,
					"hydrogens": 2
				},
				{
					"hybridization": 2,
					"isDipoled": 1,
					"hydrogensMovility": 2,
					"explicitSolvation": -0.2,
					"partialCovalentContribution": 0,
					"dummyHydrogens": 2,
					"doubleBond": 1,
					"planeDistance": 0.75,
					"hydrogenName": "HN6",
					"acceptor": 0,
					"charge": 0.3,
					"pKa": 0,
					"atom": "N2",
					"donor": 2,
					"bondTolerance": 0.22,
					"minBondDistance": 3.5,
					"isCharged": 1,
					"hydrogens": 2
				},
				{
					"hybridization": 1,
					"isDipoled": 1,
					"hydrogensMovility": 2,
					"explicitSolvation": -0.2,
					"partialCovalentContribution": 0,
					"dummyHydrogens": 1,
					"doubleBond": 1,
					"planeDistance": 0.75,
					"hydrogenName": "HN1",
					"acceptor": 0,
					"charge": 0.2,
					"pKa": 0,
					"atom": "N1",
					"donor": 1,
					"bondTolerance": 0.22,
					"minBondDistance": 3.5,
					"isCharged": 1,
					"hydrogens": 1
				},
				{
					"hybridization": 1,
					"isDipoled": 1,
					"hydrogensMovility": 2,
					"explicitSolvation": -0.2,
					"partialCovalentContribution": 0,
					"dummyHydrogens": 1,
					"doubleBond": 1,
					"planeDistance": 0.75,
					"hydrogenName": "HN1",
					"acceptor": 0,
					"charge": 0.2,
					"pKa": 0,
					"atom": "N1",
					"donor": 1,
					"bondTolerance": 0.22,
					"minBondDistance": 3.5,
					"isCharged": 1,
					"hydrogens": 1
				},
				{
					"hybridization": 3,
					"isDipoled": 1,
					"hydrogensMovility": 0,
					"explicitSolvation": -0.4,
					"partialCovalentContribution": 0,
					"dummyHydrogens": 0,
					"doubleBond": 1,
					"planeDistance": 0.75,
					"hydrogenName": "X",
					"acceptor": 2,
					"charge": -0.3,
					"pKa": 0,
					"atom": "O6",
					"donor": 0,
					"bondTolerance": 0.22,
					"minBondDistance": 3.5,
					"isCharged": 1,
					"hydrogens": 2
				},
				{
					"hybridization": 3,
					"isDipoled": 1,
					"hydrogensMovility": 0,
					"explicitSolvation": -0.4,
					"partialCovalentContribution": 0,
					"dummyHydrogens": 0,
					"doubleBond": 1,
					"planeDistance": 0.75,
					"hydrogenName": "X",
					"acceptor": 2,
					"charge": -0.3,
					"pKa": 0,
					"atom": "O6",
					"donor": 0,
					"bondTolerance": 0.22,
					"minBondDistance": 3.5,
					"isCharged": 1,
					"hydrogens": 2
				},
				{
					"hybridization": 0,
					"isDipoled": 1,
					"hydrogensMovility": 0,
					"explicitSolvation": -0.4,
					"partialCovalentContribution": 0,
					"dummyHydrogens": 0,
					"doubleBond": 1,
					"planeDistance": 0.75,
					"hydrogenName": "X",
					"acceptor": 1,
					"charge": -0.2,
					"pKa": 0,
					"atom": "N7",
					"donor": 0,
					"bondTolerance": 0.5,
					"minBondDistance": 3.5,
					"isCharged": 1,
					"hydrogens": 1
				},
				{
					"hybridization": 0,
					"isDipoled": 1,
					"hydrogensMovility": 0,
					"explicitSolvation": -0.4,
					"partialCovalentContribution": 0,
					"dummyHydrogens": 0,
					"doubleBond": 1,
					"planeDistance": 0.75,
					"hydrogenName": "X",
					"acceptor": 1,
					"charge": -0.2,
					"pKa": 0,
					"atom": "N7",
					"donor": 0,
					"bondTolerance": 0.5,
					"minBondDistance": 3.5,
					"isCharged": 1,
					"hydrogens": 1
				},
				{
					"hybridization": 6,
					"isDipoled": 1,
					"hydrogensMovility": 0,
					"explicitSolvation": 0,
					"partialCovalentContribution": 0,
					"dummyHydrogens": 0,
					"doubleBond": 0,
					"planeDistance": 0.75,
					"hydrogenName": "_",
					"acceptor": 0,
					"charge": 0.3,
					"pKa": 0,
					"atom": "C8",
					"donor": 0,
					"bondTolerance": 0.5,
					"minBondDistance": 3.5,
					"isCharged": 1,
					"hydrogens": 0
				},
				{
					"hybridization": 6,
					"isDipoled": 1,
					"hydrogensMovility": 0,
					"explicitSolvation": 0,
					"partialCovalentContribution": 0,
					"dummyHydrogens": 0,
					"doubleBond": 0,
					"planeDistance": 0.75,
					"hydrogenName": "_",
					"acceptor": 0,
					"charge": 0.3,
					"pKa": 0,
					"atom": "C8",
					"donor": 0,
					"bondTolerance": 0.5,
					"minBondDistance": 3.5,
					"isCharged": 1,
					"hydrogens": 0
				}
			]
		},
		{
			"dataType": "aminoAcidEntropy",
			"aminoAcidEntropy": [{
				"secondAtom": 0,
				"centreAtom": 10,
				"radius": 5.6,
				"moleculeEntropy": 0.0033
			}]
		},
		{
			"dataType": "atomSolvation",
			"atomSolvation": [
				{
					"lastDihedral": 9,
					"isBackbone": 1,
					"minOccupancy": 165,
					"phi": 1,
					"vdwClashesRadius": 1.49,
					"neighbourAtoms": [
						"OP1",
						"OP2",
						"O5'",
						"C5'",
						"OP3",
						"999",
						"999",
						"999",
						"999",
						"999",
						"999",
						"999",
						"999",
						"999",
						"999",
						"999"
					],
					"vdwInternalRadius": 1.37,
					"z": -2.03,
					"y": 3.377,
					"atom_type": "ATOM",
					"isPolar": 0,
					"res_type": "RNA",
					"molecule_type": 5,
					"solvationEnergy": 0,
					"psi": -1,
					"chi2": 8,
					"chi3": 9,
					"chi1": -1,
					"chi6": -1,
					"chi7": -1,
					"chi4": -1,
					"chi5": -1,
					"volume": 9.0,
					"atom": "P",
					"omega": 2,
					"cycleNumber": 0,
					"vdw": 0,
					"level": 0,
					"maxOccupancy": 375,
					"isHydrophobic": 0,
					"x": 3.486
				},
			{
					"lastDihedral": 9,
					"isBackbone": 1,
					"minOccupancy": 141,
					"phi": -1,
					"vdwClashesRadius": 1.37,
					"neighbourAtoms": [
						"P",
						"O5'",
						"OP2",
						"OP3",
						"999",
						"999",
						"999",
						"999",
						"999",
						"999",
						"999",
						"999",
						"999",
						"999",
						"999",
						"999"
					],
					"vdwInternalRadius": 1.37,
					"z": -1.571,
					"y": 4.696,
					"atom_type": "ATOM",
					"isPolar": 0,
					"res_type": "RNA",
					"molecule_type": 5,
					"solvationEnergy": 1.8,
					"psi": -1,
					"chi2": -1,
					"chi3": -1,
					"chi1": -1,
					"chi6": -1,
					"chi7": -1,
					"chi4": -1,
					"chi5": -1,
					"volume": 16.1,
					"atom": "OP1",
					"omega": -1,
					"cycleNumber": 0,
					"vdw": -0.81,
					"level": 0,
					"maxOccupancy": 375,
					"isHydrophobic": 0,
					"x": 2.986
				},
				{
					"lastDihedral": 9,
					"isBackbone": 1,
					"minOccupancy": 141,
					"phi": -1,
					"vdwClashesRadius": 1.37,
					"neighbourAtoms": [
						"P",
						"O5'",
						"OP1",
						"OP3",
						"999",
						"999",
						"999",
						"999",
						"999",
						"999",
						"999",
						"999",
						"999",
						"999",
						"999",
						"999"
					],
					"vdwInternalRadius": 1.37,
					"z": -3.384,
					"y": 3.215,
					"atom_type": "ATOM",
					"isPolar": 0,
					"res_type": "RNA",
					"molecule_type": 5,
					"solvationEnergy": 1.8,
					"psi": -1,
					"chi2": -1,
					"chi3": -1,
					"chi1": -1,
					"chi6": -1,
					"chi7": -1,
					"chi4": -1,
					"chi5": -1,
					"volume": 16.1,
					"atom": "OP2",
					"omega": -1,
					"cycleNumber": 0,
					"vdw": -0.81,
					"level": 0,
					"maxOccupancy": 375,
					"isHydrophobic": 0,
					"x": 4.074
				},
				{
					"isHydrophobic": 0,
					"isBackbone": 1,
					"cycleNumber": 0,
					"vdwInternalRadius": 1.3,
					"res_type": "RNA",
					"vdwClashesRadius": 1.3,
					"atom_type": "ATOM",
					"lastDihedral": 9,
					"phi": 2,
					"psi": 1,
					"chi2": -1,
					"chi3": 8,
					"chi1": -1,
					"chi6": -1,
					"chi7": -1,
					"chi4": -1,
					"chi5": -1,
					"volume": 16.1,
					"atom": "O5'",
					"isPolar": 0,
					"omega": 3,
					"vdw": -0.81,
					"neighbourAtoms": ["P", "OP1", "OP2", "C5'", "C4'", "OP3", "999", "999", "999", "999", "999", "999", "999", "999", "999", "999"],
					"level": 0,
					"maxOccupancy": 375,
					"solvationEnergy": 0,
					"minOccupancy": 187,
					"y": 2.307,
					"x": 2.334,
					"z": -1.847
				}, {
					"isHydrophobic": 0,
					"isBackbone": 1,
					"cycleNumber": 0,
					"vdwInternalRadius": 1.49,
					"res_type": "RNA",
					"vdwClashesRadius": 1.62,
					"atom_type": "ATOM",
					"lastDihedral": 9,
					"phi": 3,
					"psi": 2,
					"chi2": -1,
					"chi3": -1,
					"chi1": 1,
					"chi6": -1,
					"chi7": -1,
					"chi4": -1,
					"chi5": -1,
					"volume": 23.5,
					"atom": "C5'",
					"isPolar": 0,
					"omega": 4,
					"vdw": -0.89,
					"neighbourAtoms": ["O5'", "P", "C3'", "O4'", "C4'", "999", "999", "999", "999", "999", "999", "999", "999", "999", "999", "999"],
					"level": 0,
					"maxOccupancy": 375,
					"solvationEnergy": -0.58,
					"minOccupancy": 141,
					"y": 1.008,
					"x": 2.363,
					"z": -2.429
				}, {
					"isHydrophobic": 0,
					"isBackbone": 1,
					"cycleNumber": 1,
					"vdwInternalRadius": 1.49,
					"res_type": "RNA",
					"vdwClashesRadius": 1.62,
					"atom_type": "ATOM",
					"lastDihedral": 9,
					"phi": 4,
					"psi": 3,
					"chi2": 1,
					"chi3": -1,
					"chi1": 2,
					"chi6": -1,
					"chi7": -1,
					"chi4": 2,
					"chi5": 1,
					"volume": 13.3,
					"atom": "C4'",
					"isPolar": 0,
					"omega": 999,
					"vdw": -0.51,
					"neighbourAtoms": ["O5'", "C5'", "O4'", "C3'", "C2'", "C1'", "N9", "O3'", "999", "999", "999", "999", "999", "999", "999", "999"],
					"level": 0,
					"maxOccupancy": 375,
					"solvationEnergy": -0.33,
					"minOccupancy": 197,
					"y": 0.232,
					"x": 1.172,
					"z": -1.92
				}, {
					"isHydrophobic": 0,
					"isBackbone": 1,
					"cycleNumber": 1,
					"vdwInternalRadius": 1.25,
					"res_type": "RNA",
					"vdwClashesRadius": 1.3,
					"atom_type": "ATOM",
					"lastDihedral": 9,
					"phi": 999,
					"psi": 999,
					"chi2": -1,
					"chi3": -1,
					"chi1": -1,
					"chi6": 1,
					"chi7": 1,
					"chi4": 3,
					"chi5": 2,
					"volume": 16.1,
					"atom": "O4'",
					"isPolar": 0,
					"omega": 999,
					"vdw": -0.81,
					"neighbourAtoms": ["C5'", "C3'", "C2'", "C1'", "N9", "C4'", "O3'", "999", "999", "999", "999", "999", "999", "999", "999", "999"],
					"level": 0,
					"maxOccupancy": 375,
					"solvationEnergy": 0,
					"minOccupancy": 187,
					"y": 0,
					"x": 1.343,
					"z": -0.461
				}, 
				{
					"isHydrophobic": 0,
					"isBackbone": 1,
					"cycleNumber": 1,
					"vdwInternalRadius": 1.49,
					"res_type": "RNA",
					"vdwClashesRadius": 1.62,
					"atom_type": "ATOM",
					"lastDihedral": 9,
					"phi": 999,
					"psi": 4,
					"chi2": 2,
					"chi3": 1,
					"chi1": 3,
					"chi6": 4,
					"chi7": -1,
					"chi4": 1,
					"chi5": 999,
					"volume": 13.3,
					"atom": "C3'",
					"isPolar": 0,
					"omega": 999,
					"vdw": -0.51,
					"neighbourAtoms": ["C5'", "O4'", "C2'", "C1'", "N9", "C4'", "O3'", "999", "999", "999", "999", "999", "999", "999", "999", "999"],
					"level": 0,
					"maxOccupancy": 375,
					"solvationEnergy": -0.33,
					"minOccupancy": 197,
					"y": 1.041,
					"x": -0.138,
					"z": -2.075
				}, {
					"isHydrophobic": 0,
					"isBackbone": 1,
					"cycleNumber": 1,
					"vdwInternalRadius": 1.3,
					"res_type": "RNA",
					"vdwClashesRadius": 1.3,
					"atom_type": "ATOM",
					"lastDihedral": 9,
					"phi": 999,
					"psi": 999,
					"chi2": 3,
					"chi3": 2,
					"chi1": 4,
					"chi6": 999,
					"chi7": -1,
					"chi4": -1,
					"chi5": 999,
					"volume": 16.1,
					"atom": "O3'",
					"isPolar": 0,
					"omega": 7,
					"vdw": -0.81,
					"neighbourAtoms": ["O5'", "C3'", "C2'", "C1'", "C4'", "999", "999", "999", "999", "999", "999", "999", "999", "999", "999", "999"],
					"level": 0,
					"maxOccupancy": 375,
					"solvationEnergy": 0,
					"minOccupancy": 187,
					"y": 0.227,
					"x": -1.122,
					"z": -2.705
				},
				{
					"isHydrophobic": 0,
					"isBackbone": 1,
					"cycleNumber": 1,
					"vdwInternalRadius": 1.45,
					"res_type": "RNA",
					"vdwClashesRadius": 1.62,
					"atom_type": "ATOM",
					"lastDihedral": 9,
					"phi": 999,
					"psi": 999,
					"chi2": -1,
					"chi3": -1,
					"chi1": -1,
					"chi6": 3,
					"chi7": -1,
					"chi4": 999,
					"chi5": 4,
					"volume": 24.5,
					"atom": "C2'",
					"isPolar": 0,
					"omega": 999,
					"vdw": -0.81,
					"neighbourAtoms": ["C5'", "C3'", "C1'", "N9", "C4'", "O3'", "999", "999", "999", "999", "999", "999", "999", "999", "999", "999"],
					"level": 0,
					"maxOccupancy": 375,
					"solvationEnergy": -0.54,
					"minOccupancy": 147,
					"y": 1.268,
					"x": -0.547,
					"z": -0.618
				},
				{
					"isHydrophobic": 0,
					"isBackbone": 1,
					"cycleNumber": 1,
					"vdwInternalRadius": 1.49,
					"res_type": "RNA",
					"vdwClashesRadius": 1.62,
					"atom_type": "ATOM",
					"lastDihedral": 9,
					"phi": 999,
					"psi": 999,
					"chi2": -1,
					"chi3": -1,
					"chi1": -1,
					"chi6": 2,
					"chi7": 2,
					"chi4": 4,
					"chi5": 3,
					"volume": 13.3,
					"atom": "C1'",
					"isPolar": 0,
					"omega": 999,
					"vdw": -0.51,
					"neighbourAtoms": ["C5'", "C3'", "C2'", "C1'", "C4'", "O3'", "N9", "C8", "C4", "N7", "C5", "N3", "N2", "N1", "C6", "C2"],
					"level": 0,
					"maxOccupancy": 375,
					"solvationEnergy": -0.33,
					"minOccupancy": 197,
					"y": 0,
					"x": 0,
					"z": 0
				}, 
				{
					"isPolar": 0,
					"res_type": "RNA",
					"molecule_type": 5,
					"isBackbone": 1,
					"minOccupancy": 141,
					"solvationEnergy": -0.58,
					"vdwClashesRadius": 1.62,
					"neighbourAtoms": ["C2'", "C3'", "C1'", "999", "999", "999", "999", "999", "999", "999", "999", "999", "999", "999", "999", "999"],
					"vdwInternalRadius": 1.49,
					"atom_type": "ATOM",
					"lastDihedral": 9,
					"phi": 3,
					"psi": 2,
					"chi2": -1,
					"chi3": -1,
					"chi1": 1,
					"chi6": -1,
					"chi7": -1,
					"chi4": -1,
					"chi5": -1,
					"volume": 23.5,
					"atom": "O2'",
					"omega": 4,
					"cycleNumber": 0,
					"vdw": -0.89,
					"level": 0,
					"maxOccupancy": 375,
					"isHydrophobic": 0,
					"y": 0.227,
					"x": -1.122,
					"z": -2.705
				}, 
				{
					"isHydrophobic": 0,
					"isBackbone": 0,
					"cycleNumber": 2,
					"vdwInternalRadius": 1.4,
					"res_type": "RNA",
					"vdwClashesRadius": 1.45,
					"atom_type": "ATOM",
					"lastDihedral": 9,
					"phi": 999,
					"psi": 999,
					"chi2": -1,
					"chi3": -1,
					"chi1": -1,
					"chi6": -1,
					"chi7": 3,
					"chi4": 999,
					"chi5": 999,
					"volume": 16.1,
					"atom": "N9",
					"isPolar": 0,
					"omega": 999,
					"vdw": -0.33,
					"neighbourAtoms": ["C2'", "C1'", "O4'", "C8", "C4", "N7", "N3", "C5", "C2", "N2", "N1", "C6", "O6", "999", "999", "999"],
					"level": 0,
					"maxOccupancy": 375,
					"solvationEnergy": 0,
					"minOccupancy": 217,
					"y": 0,
					"x": 0,
					"z": 1.463
				}, {
					"isHydrophobic": 0,
					"isBackbone": 0,
					"cycleNumber": 2,
					"vdwInternalRadius": 1.5,
					"res_type": "RNA",
					"vdwClashesRadius": 1.62,
					"atom_type": "ATOM",
					"lastDihedral": 9,
					"phi": 999,
					"psi": 999,
					"chi2": -1,
					"chi3": -1,
					"chi1": -1,
					"chi6": -1,
					"chi7": 4,
					"chi4": 999,
					"chi5": 999,
					"volume": 8.8,
					"atom": "C4",
					"isPolar": 0,
					"omega": 999,
					"vdw": -0.33,
					"neighbourAtoms": ["C1'", "C8", "N9", "N7", "N3", "C5", "C2", "N2", "N1", "C6", "O6", "999", "999", "999", "999", "999"],
					"level": 0,
					"maxOccupancy": 375,
					"solvationEnergy": -0.15,
					"minOccupancy": 184,
					"y": -1.098,
					"x": -0.225,
					"z": 2.243
				}, {
					"isHydrophobic": 0,
					"isBackbone": 0,
					"cycleNumber": 2,
					"vdwInternalRadius": 1.4,
					"res_type": "RNA",
					"vdwClashesRadius": 1.45,
					"atom_type": "ATOM",
					"lastDihedral": 9,
					"phi": 999,
					"psi": 999,
					"chi2": -1,
					"chi3": -1,
					"chi1": -1,
					"chi6": -1,
					"chi7": 999,
					"chi4": 999,
					"chi5": 999,
					"volume": 16.1,
					"atom": "N3",
					"isPolar": 0,
					"omega": 999,
					"vdw": -0.81,
					"neighbourAtoms": ["C1'", "C8", "N9", "N7", "C4", "C5", "C2", "N2", "N1", "C6", "O6", "999", "999", "999", "999", "999"],
					"level": 0,
					"maxOccupancy": 375,
					"solvationEnergy": 0.8,
					"minOccupancy": 217,
					"y": -2.329,
					"x": -0.523,
					"z": 1.786
				}, {
					"isHydrophobic": 0,
					"isBackbone": 0,
					"cycleNumber": 2,
					"vdwInternalRadius": 1.5,
					"res_type": "RNA",
					"vdwClashesRadius": 1.62,
					"atom_type": "ATOM",
					"lastDihedral": 9,
					"phi": 999,
					"psi": 999,
					"chi2": -1,
					"chi3": -1,
					"chi1": -1,
					"chi6": -1,
					"chi7": 999,
					"chi4": 999,
					"chi5": 999,
					"volume": 21.4,
					"atom": "C2",
					"isPolar": 0,
					"omega": 999,
					"vdw": -0.81,
					"neighbourAtoms": ["C1'", "C8", "C4", "N7", "N3", "C5", "N2", "N9", "N1", "C6", "O6", "999", "999", "999", "999", "999"],
					"level": 0,
					"maxOccupancy": 375,
					"solvationEnergy": -0.41,
					"minOccupancy": 150,
					"y": -3.199,
					"x": -0.709,
					"z": 2.78
				}, {
					"isHydrophobic": 0,
					"isBackbone": 0,
					"cycleNumber": 2,
					"vdwInternalRadius": 1.4,
					"res_type": "RNA",
					"vdwClashesRadius": 1.45,
					"atom_type": "ATOM",
					"lastDihedral": 9,
					"phi": 999,
					"psi": 999,
					"chi2": -1,
					"chi3": -1,
					"chi1": -1,
					"chi6": -1,
					"chi7": 999,
					"chi4": 999,
					"chi5": 999,
					"volume": 23.03,
					"atom": "N2",
					"isPolar": 0,
					"omega": 999,
					"vdw": -1.15,
					"neighbourAtoms": ["C1'", "C8", "C4", "N7", "N3", "C5", "C2", "N9", "N1", "C6", "O6", "999", "999", "999", "999", "999"],
					"level": 0,
					"maxOccupancy": 375,
					"solvationEnergy": 0.8,
					"minOccupancy": 141,
					"y": -4.452,
					"x": -1.032,
					"z": 2.487
				}, {
					"isHydrophobic": 0,
					"isBackbone": 0,
					"cycleNumber": 2,
					"vdwInternalRadius": 1.4,
					"res_type": "RNA",
					"vdwClashesRadius": 1.45,
					"atom_type": "ATOM",
					"lastDihedral": 9,
					"phi": 999,
					"psi": 999,
					"chi2": -1,
					"chi3": -1,
					"chi1": -1,
					"chi6": -1,
					"chi7": 999,
					"chi4": 999,
					"chi5": 999,
					"volume": 17.0,
					"atom": "N1",
					"isPolar": 0,
					"omega": 999,
					"vdw": -0.85,
					"neighbourAtoms": ["C1'", "C8", "C4", "N7", "N3", "C5", "C2", "N2", "N9", "C6", "O6", "999", "999", "999", "999", "999"],
					"level": 0,
					"maxOccupancy": 375,
					"solvationEnergy": 0.8,
					"minOccupancy": 166,
					"y": -2.878,
					"x": -0.607,
					"z": 4.111
				}, {
					"isHydrophobic": 0,
					"isBackbone": 0,
					"cycleNumber": 2,
					"vdwInternalRadius": 1.5,
					"res_type": "RNA",
					"vdwClashesRadius": 1.62,
					"atom_type": "ATOM",
					"lastDihedral": 9,
					"phi": 999,
					"psi": 999,
					"chi2": -1,
					"chi3": -1,
					"chi1": -1,
					"chi6": -1,
					"chi7": 999,
					"chi4": 999,
					"chi5": 999,
					"volume": 8.8,
					"atom": "C6",
					"isPolar": 0,
					"omega": 999,
					"vdw": -0.33,
					"neighbourAtoms": ["C1'", "C8", "C4", "N7", "N3", "C5", "C2", "N2", "N1", "N9", "O6", "999", "999", "999", "999", "999"],
					"level": 0,
					"maxOccupancy": 375,
					"solvationEnergy": -0.15,
					"minOccupancy": 158,
					"y": -1.617,
					"x": -0.304,
					"z": 4.592
				}, {
					"isHydrophobic": 0,
					"isBackbone": 0,
					"cycleNumber": 2,
					"vdwInternalRadius": 1.37,
					"res_type": "RNA",
					"vdwClashesRadius": 1.37,
					"atom_type": "ATOM",
					"lastDihedral": 9,
					"phi": 999,
					"psi": 999,
					"chi2": -1,
					"chi3": -1,
					"chi1": -1,
					"chi6": -1,
					"chi7": 999,
					"chi4": 999,
					"chi5": 999,
					"volume": 16.1,
					"atom": "O6",
					"isPolar": 0,
					"omega": 999,
					"vdw": -0.81,
					"neighbourAtoms": ["C1'", "C8", "C4", "N7", "N3", "C5", "C2", "N2", "N1", "C6", "N9", "999", "999", "999", "999", "999"],
					"level": 0,
					"maxOccupancy": 375,
					"solvationEnergy": 0.8,
					"minOccupancy": 187,
					"y": -1.416,
					"x": -0.275,
					"z": 5.801
				}, {
					"isHydrophobic": 0,
					"isBackbone": 0,
					"cycleNumber": 2,
					"vdwInternalRadius": 1.5,
					"res_type": "RNA",
					"vdwClashesRadius": 1.62,
					"atom_type": "ATOM",
					"lastDihedral": 9,
					"phi": 999,
					"psi": 999,
					"chi2": -1,
					"chi3": -1,
					"chi1": -1,
					"chi6": -1,
					"chi7": 999,
					"chi4": 999,
					"chi5": 999,
					"volume": 8.8,
					"atom": "C5",
					"isPolar": 0,
					"omega": 999,
					"vdw": -0.33,
					"neighbourAtoms": ["C1'", "C8", "C4", "N7", "N3", "N9", "C2", "N2", "N1", "C6", "O6", "999", "999", "999", "999", "999"],
					"level": 0,
					"maxOccupancy": 375,
					"solvationEnergy": -0.15,
					"minOccupancy": 184,
					"y": -0.688,
					"x": -0.103,
					"z": 3.538
				}, {
					"isHydrophobic": 0,
					"isBackbone": 0,
					"cycleNumber": 2,
					"vdwInternalRadius": 1.4,
					"res_type": "RNA",
					"vdwClashesRadius": 1.45,
					"atom_type": "ATOM",
					"lastDihedral": 9,
					"phi": 999,
					"psi": 999,
					"chi2": -1,
					"chi3": -1,
					"chi1": -1,
					"chi6": -1,
					"chi7": 999,
					"chi4": 999,
					"chi5": 999,
					"volume": 16.1,
					"atom": "N7",
					"isPolar": 0,
					"omega": 999,
					"vdw": -0.81,
					"neighbourAtoms": ["C1'", "C8", "C4", "N9", "N3", "C5", "C2", "N2", "N1", "C6", "O6", "999", "999", "999", "999", "999"],
					"level": 0,
					"maxOccupancy": 375,
					"solvationEnergy": 0.8,
					"minOccupancy": 217,
					"y": 0.668,
					"x": 0.202,
					"z": 3.579
				}, {
					"isHydrophobic": 0,
					"isBackbone": 0,
					"cycleNumber": 2,
					"vdwInternalRadius": 1.5,
					"res_type": "RNA",
					"vdwClashesRadius": 1.7,
					"atom_type": "ATOM",
					"lastDihedral": 9,
					"phi": 999,
					"psi": 999,
					"chi2": -1,
					"chi3": -1,
					"chi1": -1,
					"chi6": -1,
					"chi7": 999,
					"chi4": 999,
					"chi5": 999,
					"volume": 21.4,
					"atom": "C8",
					"isPolar": 0,
					"omega": 999,
					"vdw": -0.81,
					"neighbourAtoms": ["C1'", "N9", "C4", "N7", "N3", "C5", "C2", "N2", "N1", "C6", "O6", "999", "999", "999", "999", "999"],
					"level": 0,
					"maxOccupancy": 375,
					"solvationEnergy": -0.41,
					"minOccupancy": 150,
					"y": 1.029,
					"x": 0.25,
					"z": 2.335
				}
			]
		},
		{
			"dataType": "hydrogenPosition",
			"hydrogenPosition": [{
					"atomPartner2": "C1'",
					"atomPartner1": "C4'",
					"atom": "O4'",
					"isProtonated": 0,
					"isExplicit": 0,
					"isVirtual": 0,
					"isCarbonyl": 0,
					"y": 0,
					"x": 0,
					"z": 0,
					"hydrogenName": "_"
				},
				{
					"atomPartner2": "O4'",
					"atomPartner1": "C2'",
					"atom": "C1'",
					"isProtonated": 1,
					"isExplicit": 1,
					"isVirtual": 0,
					"isCarbonyl": 0,
					"y": 0.887,
					"x": -0.487,
					"z": -0.27,
					"hydrogenName": "H1"
				},
				{
					"atomPartner2": "C8",
					"atomPartner1": "C1'",
					"atom": "N9",
					"isProtonated": 0,
					"isExplicit": 0,
					"isVirtual": 0,
					"isCarbonyl": 0,
					"y": 0,
					"x": 0,
					"z": 0,
					"hydrogenName": "_"
				},
				{
					"atomPartner2": "C4",
					"atomPartner1": "C2",
					"atom": "N3",
					"isProtonated": 0,
					"isExplicit": 0,
					"isVirtual": 1,
					"isCarbonyl": 1,
					"y": 0,
					"x": -0.816,
					"z": -0.578,
					"hydrogenName": "FO31"
				},
				{
					"atomPartner2": "N1",
					"atomPartner1": "C2",
					"atom": "N2",
					"isProtonated": 1,
					"isExplicit": 1,
					"isVirtual": 0,
					"isCarbonyl": 0,
					"y": 0,
					"x": 0.866,
					"z": -0.5,
					"hydrogenName": "H2"
				},
				{
					"atomPartner2": "N1",
					"atomPartner1": "C2",
					"atom": "N2",
					"isProtonated": 1,
					"isExplicit": 1,
					"isVirtual": 0,
					"isCarbonyl": 0,
					"y": 0,
					"x": -0.866,
					"z": -0.5,
					"hydrogenName": "H2"
				},
				{
					"atomPartner2": "C2",
					"atomPartner1": "C6",
					"atom": "N1",
					"isProtonated": 1,
					"isExplicit": 1,
					"isVirtual": 0,
					"isCarbonyl": 0,
					"y": 0,
					"x": -0.986,
					"z": -0.533,
					"hydrogenName": "H1"
				},
				{
					"atomPartner2": "C5",
					"atomPartner1": "C6",
					"atom": "O6",
					"isProtonated": 0,
					"isExplicit": 0,
					"isVirtual": 1,
					"isCarbonyl": 1,
					"y": 0,
					"x": -0.866,
					"z": -0.5,
					"hydrogenName": "FO61"
				},
				{
					"atomPartner2": "C5",
					"atomPartner1": "C6",
					"atom": "O6",
					"isProtonated": 0,
					"isExplicit": 0,
					"isVirtual": 1,
					"isCarbonyl": 1,
					"y": 0,
					"x": 0.866,
					"z": -0.5,
					"hydrogenName": "FO62"
				},
				{
					"atomPartner2": "C5",
					"atomPartner1": "C8",
					"atom": "N7",
					"isProtonated": 0,
					"isExplicit": 0,
					"isVirtual": 1,
					"isCarbonyl": 1,
					"y": 0,
					"x": -0.816,
					"z": -0.578,
					"hydrogenName": "FO71"
				},
				{
					"atomPartner2": "N7",
					"atomPartner1": "N9",
					"atom": "C8",
					"isProtonated": 1,
					"isExplicit": 1,
					"isVirtual": 0,
					"isCarbonyl": 0,
					"y": 0,
					"x": -0.986,
					"z": -0.533,
					"hydrogenName": "H8"
				},
				{
					"atomPartner2": "C1'",
					"atomPartner1": "C3'",
					"atom": "C2'",
					"isProtonated": 1,
					"isExplicit": 1,
					"isVirtual": 0,
					"isCarbonyl": 0,
					"y": -0.8,
					"x": -0.539,
					"z": -0.382,
					"hydrogenName": "H21"
				},
				{
					"atomPartner2": "C1'",
					"atomPartner1": "C3'",
					"atom": "C2'",
					"isProtonated": 1,
					"isExplicit": 1,
					"isVirtual": 0,
					"isCarbonyl": 0,
					"y": 0.887,
					"x": -0.487,
					"z": -0.47,
					"hydrogenName": "H22"
				}
			]
		},
		{
			"dataType": "aminoAcidProperties",
			"aminoAcidProperties": [{
				"natural": 1,
				"molweight": 0,
				"DGmax": 0,
				"extinction": 0
			}]
		}
	]
}
